44.1629,68.8973,100.751
105.264,113.005,69.0921
4.26552,65.6809,48.7444
55.2475,1.9933,101.149
6.78369,73.5641,39.1609
102.132,124.183,0.12637
26.5195,40.6338,31.4615
81.5125,125.435,8.91608
72.1691,69.6355,15.2237
118.485,26.7287,97.965
23.1971,70.8916,38.8623
123.948,48.1558,23.8671
65.04,52.4213,89.548
113.784,107.669,91.5413
86.9331,114.453,37.1054
126.094,88.5843,33.2885
126.22,115.104,73.9223
29.6819,68.6164,71.3572
38.598,12.7855,12.9927
53.8217,3.27079,39.7214
23.7867,26.4679,110.613
62.649,22.4158,30.7689
86.5161,87.4557,83.1902
48.0641,73.2402,62.8591
11.6054,32.1733,49.3116
48.7108,30.2673,9.89596
81.9994,28.4877,125
27.9217,58.1696,65.6162
99.2789,96.7676,78.4017
112.272,22.5893,81.6725
23.9931,46.376,108.14
6.60617,109.025,2.55622
37.3751,67.5411,90.012
120.565,115.605,35.2521
55.4244,127.211,67.4254
104.736,47.9215,97.6927
114.632,1.92088,126.18
111.632,29.8425,56.3501
49.248,1.12147,25.1177
127.65,113.393,47.707
81.3222,9.38622,94.0829
61.4627,15.9924,75.1079
64.0189,53.3675,14.6491
26.0309,45.9327,2.25432
61.283,101.357,1.465
0.708362,78.0931,49.3865
98.4011,64.725,51.3074
96.5815,48.3568,81.1499
24.9316,97.6048,82.2714
50.0492,97.2546,67.6645
97.7562,50.5768,77.0508
63.8391,112.039,93.0431
10.9471,48.0583,18.4106
25.5961,74.0892,64.3433
27.8504,7.37217,37.7004
29.3154,8.08054,115.794
78.7019,106.482,52.5186
2.00933,75.0631,100.875
83.1593,99.9946,70.4802
37.4307,22.0439,39.7348
105.095,119.8,90.3116
54.146,55.6392,74.351
19.1891,66.5863,122.409
37.5997,92.1824,68.4985
101.943,120.033,75.8707
11.6435,21.3482,83.9512
127.437,100.05,62.4328
51.9556,102.059,9.49593
24.8309,57.2188,109.491
95.3111,94.6494,3.53446
7.04592,71.7447,123.335
97.3575,125.891,50.9737
43.7085,17.0797,117.56
38.1178,54.6794,81.7424
106.616,28.6225,73.7752
54.4871,40.266,95.1234
10.4383,39.703,67.1736
72.8711,91.6585,41.2331
82.3671,116.489,98.4518
63.8576,83.8006,65.1013
67.3921,90.8466,8.84592
62.7266,60.204,6.73654
113.7,103.913,23.8163
103.26,14.0303,78.4957
57.0028,120.647,107.118
2.77793,47.1337,19.3841
97.9013,57.572,59.0871
37.0749,2.44317,22.7456
78.308,84.8102,11.2351
48.7598,20.6679,95.0357
113.861,88.06,57.8823
122.707,22.7866,118.086
1.44351,8.487,93.9988
25.2598,111.747,108.029
103.755,40.7501,100.676
82.8736,43.5281,19.8095
102.258,13.4294,77.3816
33.3448,50.5043,79.8247
56.0904,0.812222,36.635
67.3255,49.572,57.3029
34.3612,35.433,17.3628
92.2435,30.14,40.1494
82.3298,31.5835,48.6364
48.3287,56.8433,32.3838
28.3578,32.5987,73.1339
1.03363,115.472,116.662
20.8432,89.7301,2.09139
98.2247,123.075,52.5957
50.0495,51.1653,53.4079
86.6844,118.491,102.98
15.9873,24.852,10.4129
33.3501,117.096,40.553
73.4996,71.4254,72.1365
122.136,119.754,0.97978
26.5198,20.1119,33.5785
99.6538,21.1455,21.0509
88.3158,41.9887,110.781
90.4072,12.2134,105.856
15.0028,62.2628,29.021
68.4107,20.9473,19.5118
43.3906,36.9346,44.3638
53.8035,70.2847,33.4593
94.3565,15.7842,104.885
38.493,9.92022,96.6388
39.4728,36.44,116.751
73.0513,8.09382,9.89617
94.1022,96.4096,51.8848
76.8831,58.8168,64.0982
54.7389,73.8196,126.361
83.7599,14.2303,19.3083
103.272,57.6209,56.2429
19.6356,111.424,126.528
53.0949,77.781,14.3118
29.9796,116.274,24.232
126.618,27.7467,60.672
115.369,100.798,68.7659
125.265,66.9001,37.1755
49.1501,15.7832,95.9922
113.248,70.5221,41.8119
111.609,26.282,56.0422
2.91769,1.5538,113.663
59.1606,21.1894,97.0876
57.6881,74.2842,46.8686
71.9999,104.264,35.1425
96.2319,102.882,62.8892
28.9039,90.2513,35.6872
97.6698,87.5165,102.587
6.84527,8.6666,118.371
102.838,121.915,60.8926
16.6494,105.524,87.1747
72.6916,108.442,88.7285
58.3547,39.6025,109.918
27.4424,97.2907,56.2021
74.311,41.2906,32.4659
109.454,9.52247,7.3482
44.3427,38.4264,97.5995
80.0299,8.09621,57.1161
54.6172,14.9415,65.7827
44.9878,117.779,59.6976
105.88,6.42837,37.2218
65.0551,79.12,17.6637
25.7836,9.4747,57.2662
7.70139,36.9171,26.5569
63.9035,111.228,67.8475
96.3694,92.6816,77.3699
103.718,9.02431,115.796
73.3171,89.0542,123.893
2.43321,15.6715,10.834
68.2159,60.6592,0.612997
127.913,38.5396,7.04136
37.1352,103.595,86.1613
54.7989,1.37822,95.636
112.065,9.07961,4.55311
10.6221,72.9831,115.781
78.4696,41.3525,80.4627
27.8395,17.0701,89.4871
15.6358,90.3873,50.5413
11.5284,92.8205,66.2127
22.3624,33.0364,126.872
22.9754,32.9498,37.4115
30.0167,70.085,13.0062
116.178,124.884,14.3844
83.8141,108.949,23.464
88.3672,119.571,96.4471
76.1484,70.0408,9.79962
28.6111,97.8803,26.8698
118.098,113.516,117.257
40.6395,125.044,82.0775
106.852,19.4068,115.114
105.724,42.3822,20.0637
15.1357,72.3989,90.1487
28.1419,60.5769,87.0327
42.5263,16.391,67.9818
65.9903,104.758,59.5531
34.4374,52.9066,1.59386
44.237,81.5177,99.4741
71.1068,71.6159,84.9902
60.3638,112.255,82.0346
14.4413,91.1075,101.441
1.55524,68.8316,15.8236
21.6189,83.9673,88.2225
111.768,112.109,20.7994
70.8003,26.6355,37.1904
10.7822,92.6258,13.9486
70.3352,127.063,66.8552
71.9291,43.3002,20.3729
43.4032,114.407,91.9888
0.3934,46.7708,76.2441
82.428,61.2121,39.3516
55.8694,62.7674,108.183
71.693,84.3863,64.1505
31.9155,68.154,48.2597
52.7149,10.9543,74.8952
89.9053,21.7364,39.5209
103.854,92.0717,38.5841
42.7091,36.0007,81.8843
63.082,79.4039,68.2913
27.0708,79.7973,115.062
103.315,34.2254,48.2742
14.6664,90.0948,111.042
122.85,33.7878,67.4279
59.0002,65.7033,7.58186
107.26,118.418,18.5361
54.155,80.3235,40.2726
93.676,56.1774,4.34422
4.26007,98.8865,40.345
86.1444,33.9685,119.749
26.4357,61.0393,71.5462
13.4977,36.3541,105.772
61.772,51.0205,67.8664
44.8136,45.8701,101.654
112.241,104.87,39.3576
119.823,84.1302,29.7757
10.3595,10.2852,110.099
50.632,103.961,38.2766
54.9763,108.221,9.16311
95.3212,66.3656,43.1316
87.0701,92.8013,104.171
30.6163,106.299,12.525
8.38793,40.071,63.5455
76.2543,84.8846,109.416
49.9086,69.1261,86.2859
89.2661,60.9494,42.4161
119.042,71.3089,52.7013
101.141,121.941,28.6625
11.4177,48.9172,8.88377
20.5808,16.2384,75.2494
63.7124,103.309,40.0507
39.8833,5.92487,18.3497
52.4083,14.3128,58.4207
115.954,90.5671,15.3053
97.3694,12.4757,84.4314
55.6553,101.742,17.3808
98.0714,92.7837,88.6897
22.7727,65.9248,82.6307
51.4352,77.3425,3.54788
60.319,97.9233,19.7863
7.56836,33.6357,123.095
47.619,73.5191,1.01971
65.9687,125.927,15.3325
124.389,113.881,105.9
11.6948,83.2505,118.375
96.1262,10.9057,92.1172
113.507,108.977,56.9009
74.1967,3.7498,122.826
28.8274,55.185,72.1682
32.3752,115.504,42.0915
52.1615,123.072,75.7273
47.2564,42.6913,21.2463
48.2761,108.66,19.1737
63.6086,105.05,5.05476
41.5083,116.744,88.3052
31.8836,84.8705,99.211
124.001,70.3775,80.1881
52.9018,16.5742,83.9379
47.7275,45.4015,11.1228
119.896,77.7767,126.627
33.9873,1.9383,121.699
109.715,49.1947,36.3905
2.9609,97.4708,17.0506
22.1346,33.0794,122.1
27.1893,74.5877,110.844
115.495,106.471,67.7149
86.7055,102.472,10.0924
38.8936,27.374,26.6665
122.831,75.1015,72.0681
5.95425,66.9973,21.8448
4.58105,100.985,23.7831
126.28,82.6991,72.9778
34.6706,85.66,42.4486
51.7212,107.795,75.528
45.8213,6.98393,22.1157
28.6657,122.478,0.587004
96.3807,81.184,103.059
106.473,120.078,2.4332
5.13959,114.909,77.5347
77.2076,120.863,16.532
99.0524,125.444,117.517
122.836,123.724,72.2157
67.8133,30.395,29.8757
110.262,82.1162,9.6703
57.7899,127.937,16.6542
79.9055,28.6032,11.1327
80.4925,124.984,92.3167
55.5517,103.457,84.3942
57.9849,108.596,71.3031
7.51967,57.8041,64.1662
24.0517,28.8566,61.6105
13.5682,23.6921,57.3348
85.7839,91.5054,87.7298
115.66,73.7673,41.846
125.33,3.55717,41.7835
13.9841,83.4627,70.3867
25.1168,35.9552,67.3705
117.433,91.507,42.8274
73.8276,21.4919,23.4239
17.1307,29.0116,81.2281
81.2969,53.0633,110.085
14.9074,66.6315,5.77674
72.2422,24.4153,97.2822
31.972,12.0749,43.0495
73.8181,9.4048,46.6066
115.602,23.3889,2.06932
57.9882,48.5057,38.0246
125.359,37.9391,1.53154
40.1862,111.767,23.0235
63.6101,0.89739,52.0351
16.8382,82.1943,105.098
126.923,97.1017,43.7298
4.69957,41.3439,68.1451
101.982,73.3159,80.2201
17.0312,19.134,89.6249
63.6378,6.73557,113.014
65.7071,64.7238,33.5194
103.732,62.0826,71.4585
105.263,102.269,55.2253
0.286699,37.879,56.1227
52.3218,54.7172,10.317
29.4201,53.64,107.419
73.1499,58.3396,20.7625
13.295,32.3213,94.0785
93.5151,49.3525,113.212
55.14,112.99,119.948
40.1537,50.6974,56.6719
73.6732,26.4291,118.754
17.1317,3.69231,93.0233
72.357,3.97901,2.90224
0.479636,56.3008,57.6194
10.7966,85.7209,111.259
118.215,30.8708,41.599
10.9778,44.1658,73.9202
105.056,9.68091,123.273
90.2688,64.8209,108.263
82.2168,104.975,30.9604
10.8887,50.6478,57.3895
1.64317,67.7795,61.0818
94.6665,12.1365,65.0608
97.5687,12.6161,121.362
27.1881,23.4127,79.0824
10.4475,13.6279,109.953
52.0465,24.6057,26.119
125.967,1.662,35.7999
121.239,91.9308,100.621
101.502,46.1476,77.5954
4.4628,57.0363,0.243171
61.8523,58.6795,68.0227
122.934,25.3459,80.1591
59.9948,122.915,92.7752
53.3564,22.1027,116.188
4.43883,32.5502,1.81585
114.392,84.5967,26.4216
12.5111,82.5634,28.0836
48.311,75.8029,120.014
20.9318,49.3053,38.1619
98.5272,53.7681,95.1982
98.7704,115.62,25.8777
38.793,110.554,51.2236
118.952,42.5492,46.1382
83.7273,95.9056,68.241
71.9152,100.344,100.791
73.7311,86.7365,57.3879
100.153,99.2475,11.9513
0.236246,19.5585,87.7542
120.251,40.4903,9.05953
30.4125,11.0175,62.8276
125.611,109.788,50.448
23.4884,20.5808,33.0024
74.712,11.533,75.5517
120.85,95.2603,43.4573
61.0912,39.1755,15.8017
33.8824,112.907,102.538
91.2703,85.0593,73.7857
103.222,85.2955,93.3442
62.9759,77.5461,5.83452
72.0354,107.959,16.852
6.86306,105.569,126.64
57.3111,1.05782,19.2207
90.3135,75.7699,30.7536
37.8651,68.6201,126.014
81.3224,1.71133,37.1894
97.1241,35.5937,22.096
71.6623,126.864,107.155
17.448,102.086,64.4508
110.792,37.0616,13.9969
116.627,109.097,121.956
5.47876,115.96,99.5249
4.11859,45.2712,100.583
23.3393,7.58466,48.3526
54.0929,45.4498,116.973
52.1068,126.772,118.684
89.2962,95.8963,26.2777
111.392,39.5586,25.1418
90.5475,57.0066,127.228
26.9983,39.7989,36.2892
40.9952,28.4256,17.3862
34.9507,33.9044,5.34633
6.47557,38.023,50.6175
107.058,61.3622,58.2022
27.4108,115.455,103.652
16.3835,39.5619,102.424
7.0675,0.858138,70.3205
33.3452,112.25,109.879
58.487,74.7979,38.8857
57.7146,101.796,78.6846
94.0037,14.7914,107.11
111.39,49.7421,13.0146
116.736,56.2176,51.0376
39.3538,35.2759,112.4
97.556,62.6868,99.855
73.2079,79.0703,11.4169
47.6321,86.1378,12.2751
117.953,119.483,124.525
99.8316,49.9701,71.3233
10.7173,107.685,45.1195
89.4019,73.6883,59.9109
68.5121,57.0783,109.653
81.5268,45.8146,37.8707
4.56438,85.1684,73.1466
116.964,54.7243,7.83333
88.8193,127.932,86.9036
100.236,47.5643,45.0414
112.511,37.5168,36.5244
109.037,9.34847,86.4944
52.36,20.0658,66.1791
97.4796,109.468,11.8674
29.3905,49.9798,68.9457
11.0435,3.50657,114.76
48.9141,8.07096,71.9286
122.061,125.035,126.653
1.89404,85.8545,126.585
88.7976,58.0906,46.1494
5.83901,42.6019,83.6663
42.3634,23.6385,93.0148
0.857818,75.9985,113.081
67.0369,45.4781,94.5482
78.9043,74.8686,16.5281
19.85,85.9121,20.0346
6.61023,6.8262,28.1056
78.5388,0.886916,25.1408
77.1917,2.78096,110.995
75.7769,91.5786,41.0859
121.926,97.4176,83.6877
77.5926,11.781,107.326
42.6074,12.6388,55.3248
27.6879,79.6757,100.803
122.236,30.58,47.6715
10.7642,50.4299,5.58352
30.7988,57.0401,12.4097
58.9044,7.57899,13.2966
84.0452,84.7707,16.0776
67.0405,32.5476,107.656
108.126,26.4739,77.0738
63.8141,104.067,88.8548
43.1404,18.6739,101.494
98.4652,46.3618,53.1693
71.2681,40.598,83.7493
118.94,51.3622,6.1792
124.523,82.161,63.2194
8.93277,13.0654,70.7983
22.2294,97.1106,27.5691
38.307,36.151,60.1167
17.9632,16.2774,86.5906
95.037,80.0915,62.6572
55.8919,123.232,81.3311
29.3855,93.697,127.693
82.5548,36.9651,40.2909
38.3041,27.9046,91.653
44.4833,24.4276,45.814
107.703,33.3604,58.8794
50.501,55.5898,27.99
78.0701,93.8968,64.141
10.1868,111.86,80.4184
96.7774,78.8971,32.5099
31.4346,6.78895,27.7417
112.766,36.1744,121.439
112.459,118.729,30.4038
24.7494,29.0334,58.3084
116.402,73.5167,82.736
34.2164,53.2193,116.096
93.0958,103.72,43.6863
121.086,53.7904,9.5831
57.2269,63.9771,121.443
9.64527,32.7545,72.3403
42.1552,64.1891,79.1292
69.8969,48.9548,115.304
63.3356,33.4133,106.033
93.7394,58.1628,7.06627
24.0478,46.5652,80.5829
106.784,80.7817,5.80222
94.8803,45.8775,109.523
10.5666,38.9633,35.3129
20.1497,96.1902,99.29
13.5928,105.835,4.04448
85.9331,19.9906,68.2336
37.0623,89.8875,117.188
24.366,25.2231,22.6017
2.39887,118.963,80.7644
9.46513,15.0104,127.33
90.048,121.794,80.1113
95.8503,88.6746,125.989
77.3728,99.2412,36.9521
112.686,119.391,5.14232
83.9756,4.98376,110.978
88.0201,90.9169,2.96838
28.2537,127.979,92.8559
17.442,24.3451,118.079
40.0436,26.744,109.042
120.808,36.2091,124.052
120.138,126.257,117.846
72.249,94.1074,78.521
70.2378,43.4802,49.7623
107.19,28.1658,41.1532
112.332,112.141,46.1369
95.31,72.1615,9.0538
98.2784,100.415,9.03296
63.1343,117.857,33.3781
53.2133,29.9008,60.1221
34.255,22.7089,96.3312
30.307,14.8465,94.5883
20.1534,87.0955,60.6958
98.6745,29.3333,104.176
20.4367,8.52321,4.34184
61.5899,120.855,116.483
107.727,88.1654,60.6448
116.781,58.4438,33.06
125.814,121.578,22.9172
31.1917,46.7914,52.818
91.3138,81.0464,75.5269
59.6449,111.353,90.3734
26.2333,3.50686,49.4689
86.9291,102.181,78.8022
63.105,122.618,87.3254
67.4469,56.208,80.1808
55.9302,35.9349,40.3463
116.575,24.7156,98.7901
21.6351,22.5292,92.3682
44.5523,53.7209,11.1596
97.3703,17.0347,92.206
44.8971,76.6796,75.5595
7.27051,102.913,79.0663
56.7394,61.8419,53.2476
7.5416,124.947,47.8657
94.867,64.3939,104.074
47.0479,120.324,12.0086
87.3941,108.899,36.7242
58.1843,2.53417,59.2534
22.5525,47.0864,112.974
33.7121,16.4567,2.00899
125.918,61.3538,78.6886
73.4776,68.6244,53.6015
24.5439,125.364,115.443
77.7916,4.90536,112.39
125.657,99.7724,48.7843
101.731,18.8202,41.1083
113.74,106.214,22.0074
22.4639,36.3986,24.5416
81.7173,58.9511,71.6281
66.6916,92.6632,88.0848
68.7006,90.5814,21.4386
19.3892,36.059,90.063
72.9906,60.6029,87.4267
60.434,10.3944,92.3321
44.8244,8.05173,64.1044
93.6087,109.783,82.9247
6.71705,95.5224,61.139
28.7245,117.986,97.5376
53.2661,71.7036,28.4887
124.894,10.3952,121.152
84.979,79.0958,83.7333
106.418,98.4849,119.792
68.4805,43.4756,52.3951
27.9072,103.91,62.7896
120.239,20.7341,70.8413
56.3438,114.343,52.6241
11.2684,121.06,20.1465
72.4074,21.7843,10.1328
41.945,75.0504,81.8364
70.4337,71.9446,92.2316
63.5856,28.9236,43.3273
19.3189,7.34112,13.8123
11.1111,75.8216,57.2878
63.5062,103.729,33.1975
126.296,95.9682,53.9315
69.1371,24.312,40.2743
121.761,35.5804,33.3341
13.9076,107.988,55.1185
24.0404,21.9328,2.1689
105.877,92.3665,74.1135
70.1083,27.9522,103.037
113.436,47.2711,110.378
127.248,58.3822,58.1998
56.5357,121.888,33.9287
89.7332,120.184,1.89694
15.6647,61.3213,26.2089
55.939,55.0824,61.7893
89.2732,68.99,41.777
16.3916,93.0304,63.7099
18.5605,70.9072,28.0764
92.674,13.0155,56.0286
67.7111,126.451,103.3
50.0893,125.699,33.6818
108.289,54.2347,27.5702
14.2179,15.9679,19.7544
16.1148,31.6326,81.0757
42.3237,87.5717,8.15814
104.113,48.8448,77.1482
17.89,65.2365,42.1786
81.5999,83.797,113.086
109.676,48.471,126.101
37.7048,116.182,124.552
13.0044,38.2715,122.251
46.6862,18.5606,48.4862
74.2565,32.7785,64.4541
94.0109,48.8934,96.0867
47.0866,91.2171,55.6584
55.2447,67.3301,104.503
4.39291,85.2201,41.7397
46.5715,38.82,125.537
31.6573,20.4963,46.0078
29.7586,58.2011,34.1899
26.311,71.2055,72.4614
20.5625,117.892,91.022
69.0486,64.1482,123.801
5.5027,30.1591,44.6939
101.589,77.2457,7.91101
29.2478,4.49047,75.2411
5.75106,8.88339,32.4612
47.4908,55.4549,71.2812
45.0275,87.1122,91.7775
91.0353,116.871,21.9786
125.225,15.1818,93.1841
69.6866,35.7443,83.0759
32.7086,104.793,19.2241
28.5092,110.296,49.3833
73.2031,83.885,126.629
81.1141,113.133,3.11947
28.3552,118.884,12.0029
60.8164,38.3747,67.4578
4.0976,83.4022,26.57
95.8751,46.4375,15.4408
117.854,43.6627,30.6226
83.0377,113.349,66.367
38.1136,18.0579,43.1599
57.3377,46.5671,25.4555
106.721,119.77,109.341
105.35,72.8843,94.4734
108.469,101.24,85.3573
120.472,34.056,123.732
59.9301,38.1536,79.1341
86.5,6.02862,125.572
101.941,123.882,41.2342
4.56349,78.92,26.5835
70.9304,117.034,44.6414
114.09,46.3713,91.2085
11.5458,25.0923,82.9787
120.886,2.44226,27.863
87.3597,110.912,1.10257
44.7169,103.384,35.1585
40.4488,35.3141,73.3121
119.583,121.814,79.3407
117.155,95.7549,75.223
30.3887,100.318,26.1429
56.9722,43.2489,15.1765
101.614,29.3392,61.5478
64.822,40.885,86.64
19.8006,33.7713,89.0823
47.6637,121.131,71.994
48.7662,37.8478,47.378
83.9248,78.2967,82.6921
29.2369,69.8796,76.5062
108.578,59.0341,44.2611
55.8005,89.4228,16.5796
81.9435,18.395,59.8284
97.1199,120.009,89.1676
30.6677,56.8305,2.05257
117.308,76.6311,35.8238
78.39,124.295,28.9548
22.384,45.061,66.8026
69.762,0.985783,17.0993
24.4541,30.2226,86.9789
100.96,10.8002,18.013
17.2214,66.6008,107.436
33.8009,20.5442,125.831
93.6294,117.664,117.839
54.797,20.3318,46.6699
56.8495,9.63952,123.301
92.6734,88.0295,119.596
121.628,110.413,36.6569
60.4307,52.1755,37.6427
77.53,76.6295,67.8653
36.5089,49.5898,78.6655
54.522,66.8111,17.2663
33.9579,100.612,37.8105
31.7887,66.2414,27.4747
21.6282,121.038,47.8065
68.2981,49.8879,57.446
63.5992,14.5613,17.4755
55.195,8.1894,127.889
91.8519,68.6201,52.0645
1.49456,18.1501,0.69405
69.3599,54.659,50.2838
20.0254,109.181,117.095
37.2917,15.1388,89.7071
75.1022,46.9276,27.9485
102.577,68.5557,20.9869
22.3833,8.85384,70.8748
79.8293,72.453,85.4361
97.3049,127.648,93.6255
97.1939,91.4999,34.2456
21.2584,92.9945,52.3957
21.9524,34.3543,107.055
72.2363,54.3797,88.2357
61.3312,91.6714,103.375
23.0383,38.7736,22.3021
50.9868,13.3505,90.8579
71.9737,35.7339,99.7117
14.8485,115.563,44.1647
100.285,84.8681,43.8127
65.9101,54.0619,7.31262
100.156,75.3203,100.307
24.5514,97.2728,6.66142
3.60611,41.509,61.0411
91.8418,102.84,24.7126
67.2164,125.879,63.4862
89.5185,48.8654,76.8367
52.3764,120.839,112.571
24.0881,7.68758,100.134
68.2528,107.972,57.0018
112.066,45.8823,111.064
119.378,18.0379,58.3841
91.6852,42.5893,27.6569
98.3467,46.1954,69.1659
31.3878,10.0372,44.0061
56.1004,77.2536,41.8847
119.587,38.7721,90.7501
68.4233,91.1485,83.5892
52.9939,115.237,91.2768
25.1277,55.4895,71.2489
82.1295,39.555,117.131
65.1933,30.9332,7.16912
123.577,122.618,49.7584
23.2343,92.9651,95.9538
92.4001,124.353,105.991
8.40627,52.4532,55.2447
50.291,44.0398,94.0168
13.0411,112.463,57.1654
96.6303,37.4571,44.402
59.907,62.5848,99.8915
3.15596,16.7143,11.4465
120.287,81.9076,42.3797
127.456,77.485,36.9981
49.2147,100.719,1.96312
17.1686,65.1194,126.316
123.16,73.5257,50.7692
50.4044,123.817,94.8091
16.4212,8.85774,79.2722
73.5866,105.488,116.729
117.989,37.395,51.3141
89.8801,40.551,68.0284
101.327,32.8381,21.936
15.7062,32.2944,99.4211
52.7043,81.5091,72.1403
54.6674,98.6777,9.25976
52.9834,93.8373,82.7854
103.753,16.2417,78.6021
70.5617,32.6629,87.4598
21.8339,106.249,64.9479
10.5633,96.238,102.343
61.8774,58.1181,14.8939
1.90578,31.4447,47.732
23.8418,47.1509,80.0264
123.263,99.8552,33.5356
67.4032,26.5226,4.21324
76.663,79.5059,98.0506
31.4484,55.2585,114.292
110.051,125.82,18.9551
69.5104,19.6542,125.205
6.45822,30.2174,93.4426
108.801,92.0948,23.5607
123.695,94.0006,55.0053
43.427,117.842,102.156
123.453,113.105,74.0114
28.989,52.5085,100.534
33.2022,1.17145,52.0398
3.25277,32.6199,107.298
117.545,14.6704,105.119
8.50013,84.1808,124.773
5.70468,90.639,26.9902
99.1473,71.4401,119.085
122.708,67.1351,85.0855
49.7132,110.562,74.9279
23.8695,106.015,60.0332
97.8808,7.00438,112.542
70.4147,40.2066,113.713
122.455,43.4594,18.333
101.753,33.0044,33.0034
78.8716,41.5045,117.184
75.6443,47.2092,79.8231
102.635,18.3564,23.2632
93.7195,13.0644,90.3983
50.805,62.7776,72.9603
125.733,86.6471,50.9757
57.7661,56.5279,57.9801
42.3077,126.943,98.1867
28.0208,121.397,13.6461
46.3538,95.1501,46.6504
79.3571,46.0217,88.155
68.5413,121.666,7.36415
20.3644,96.3006,25.7206
43.6276,62.0201,38.785
6.02591,112.825,101.563
78.9862,110.558,60.2096
1.96195,40.3241,116.738
59.9421,82.6319,115.68
30.1288,110.653,109.077
43.7748,29.0064,76.2274
90.4253,108.364,122.249
50.5802,48.9048,115.915
57.9444,69.2692,84.2157
83.665,112.897,18.2357
122.45,118.923,3.06082
96.0125,69.909,113.619
28.2222,71.871,25.943
16.9597,3.81303,108.575
4.63982,33.9418,91.2275
113.717,77.7166,120.234
61.9445,40.1419,100.597
56.1936,90.7222,21.5023
44.1087,20.6666,90.7715
0.324321,104.332,75.6684
18.56,98.7815,66.5912
21.6209,66.794,8.5002
7.23972,95.0162,80.3712
33.1827,111.976,84.1842
13.7575,116.616,118.126
104.985,102.333,67.8426
97.2189,36.2773,107.985
69.8164,92.4708,70.7067
91.3187,8.57949,91.3733
54.0902,8.90381,67.7049
1.75865,27.4639,38.4864
68.3499,49.0847,105.28
76.8501,56.3244,72.2966
29.2212,89.5071,56.2725
113.405,103.265,44.8882
103.531,80.2496,19.221
43.374,49.4685,55.4982
23.3585,119.285,19.9691
94.0653,82.6036,28.5486
57.4386,8.69386,37.4524
125.143,10.4525,64.9162
35.6298,78.8024,114.001
12.9102,27.6524,42.3254
85.2068,56.8736,3.83255
13.4792,42.279,107.097
58.3674,17.8104,59.3468
77.5884,61.1843,108.815
5.08662,84.5429,100.1
25.0557,50.6082,54.7039
53.6043,108.047,63.3978
91.0566,105.19,73.8503
27.9729,12.8201,24.6526
13.9738,25.7303,52.3051
56.2993,110.937,109.179
60.1318,124.416,23.4577
39.229,54.7837,41.268
98.5758,4.37209,102.452
79.3912,9.45871,58.9953
51.4915,34.5144,109.603
106.195,88.1187,89.6502
41.5932,51.1753,66.8405
115.444,79.1482,79.6605
12.0961,93.122,105.391
64.4012,21.4213,88.3278
45.5799,81.5531,84.7441
69.0376,120.782,11.5278
110.306,91.3579,15.8999
84.758,42.7491,25.3586
15.7532,94.2407,59.8731
125.357,72.4361,19.9917
87.0069,114.029,71.1671
25.8474,101.473,22.3153
105.508,113.569,115.437
82.8987,49.9702,8.85861
43.2265,95.55,90.4117
127.971,36.5876,83.1938
11.4985,18.8932,46.5518
27.3984,103.651,89.3009
52.7571,119.404,55.5416
112.63,116.761,127.978
4.62188,75.768,114.007
75.7889,101.615,87.4798
98.1042,79.1234,73.0487
85.5415,34.0221,123.019
94.4001,77.2486,90.5689
56.8118,77.2193,127.157
12.0057,88.7178,18.0497
58.5574,116.116,121.701
19.8583,40.8734,113.105
75.3999,25.5035,101.866
75.3776,30.1254,49.6344
61.3845,105.914,23.2498
20.8643,76.0185,102.373
93.9131,33.56,8.39527
88.932,127.96,85.6439
51.5009,56.772,34.8632
50.6574,68.7776,123.581
68.7072,127.335,111.697
62.408,19.1934,24.5707
47.5133,94.5933,50.0742
21.3796,41.9709,80.1996
71.014,103.355,58.1139
94.2638,124.22,6.13245
68.637,90.1328,39.6925
77.0322,51.0647,39.6526
34.6761,102.566,96.4246
69.5394,25.2231,37.2022
65.1204,93.9302,36.5373
48.8177,28.3383,55.7307
73.3884,75.8515,22.324
123.463,97.2311,64.2949
75.6621,40.2451,39.6503
5.77606,6.50894,35.87
11.9085,75.1459,126.003
51.601,24.1782,49.0676
91.2536,58.8543,23.6332
59.6782,0.393671,48.8563
96.8804,65.5141,14.7865
5.41771,114.332,43.1248
61.1484,59.7201,118.976
83.4725,55.1826,88.2075
19.7674,2.84477,0.452616
59.4177,8.62083,6.96155
95.2877,20.5293,82.1075
93.2906,72.1303,106.286
14.3581,35.3839,37.14
37.9913,95.0621,37.5336
86.8476,63.9425,103.048
101.634,69.3602,89.3794
16.7589,2.5086,21.0995
7.73523,85.9811,76.2822
95.9427,105.748,79.1269
96.3953,37.1661,87.7477
103.357,4.45384,108.277
57.4644,97.7444,52.4074
35.75,112.103,87.7913
72.89,22.0938,54.8534
110.424,108.941,118.796
85.4713,82.5755,60.156
46.8507,99.3344,62.6646
67.9502,107.07,20.6457
16.2324,75.0123,126.394
95.3593,43.4076,35.5602
55.1071,18.7645,40.014
35.3842,76.2289,9.75845
87.7916,111.979,121.861
47.5828,56.8688,15.9548
102.436,39.2924,124.896
93.232,124.764,79.4717
25.388,43.6145,50.8061
88.0527,111.565,29.8757
108.698,127.797,104.888
107.092,95.1564,20.2957
14.6526,22.2635,39.0602
54.6667,57.6477,115.289
64.4251,17.4392,99.2679
58.2861,65.0221,28.1368
74.2409,39.4583,67.4292
71.137,4.69032,64.193
22.6087,30.0784,107.807
73.4147,118.131,91.3722
103.29,98.8293,91.1693
80.1784,77.9218,58.3257
100.474,92.5744,80.5893
11.5343,19.2411,10.2369
126.823,83.6662,27.6762
98.0912,13.9523,92.6983
126.228,88.1931,4.15656
65.6572,31.3301,8.84688
1.85022,53.9388,38.9252
109.658,127.354,29.0562
73.0298,102.644,127.886
36.1991,54.8224,77.8074
94.5249,27.2965,42.3817
47.1141,38.8308,61.6228
57.3511,37.6541,17.289
85.0273,7.74534,31.2412
49.7255,5.97337,119.434
53.8821,71.6306,22.7645
62.729,73.4808,76.7033
101.654,55.1385,76.0568
2.71047,0.168364,50.7008
2.59606,36.3675,105.523
80.4034,2.89238,4.81974
122.785,50.0065,43.6505
56.4079,107.358,81.3046
73.6969,64.3849,89.0499
104.938,114.11,95.0233
96.3724,39.9925,38.6539
119.137,102.722,112.135
67.8401,76.3757,39.2733
15.897,79.0862,39.4417
66.5978,81.6823,75.8092
44.121,34.0857,78.7015
48.9407,28.8708,0.708051
92.5913,85.2788,108.066
45.8959,30.9757,44.4505
6.9458,7.91376,30.561
101.969,104.286,70.5535
12.623,95.4231,45.275
124.758,35.2632,121.651
36.0311,51.1602,72.737
75.4727,117.758,26.4193
23.2819,33.879,60.505
101.983,82.8197,89.3758
102.691,47.411,46.6546
82.7571,93.3068,77.6302
127.208,100.253,85.544
29.7686,74.2218,61.8302
100.322,86.8448,29.2533
17.5972,83.6026,64.5165
11.248,119.634,115.677
83.985,67.1065,105.435
110.404,90.3884,11.3136
42.9093,64.3718,94.1333
4.28508,39.0633,13.5443
50.9397,121.82,106.851
0.569904,121.028,79.1038
86.1139,22.7968,25.3255
19.9441,123.119,112.17
49.1973,12.7161,67.773
113.714,23.9641,59.4067
101.39,107.949,126.513
78.8251,90.3533,88.9015
90.1387,5.26257,25.2733
56.272,9.54765,64.3366
69.8164,60.4873,58.157
48.6675,61.0572,51.1851
127.771,19.1711,73.9819
25.0968,39.1152,69.1008
9.26717,88.3126,81.8169
77.0401,74.0264,105.781
8.44681,47.4169,85.73
6.95995,126.242,48.0833
95.8615,88.3807,53.3459
121.135,16.6527,62.8935
57.4714,86.4691,123.381
115.628,7.13659,56.4381
38.8135,6.90788,75.6092
112.795,32.0047,114.724
53.8962,41.2719,75.037
7.71307,118.312,21.0633
113.494,126.759,68.4802
71.224,5.71877,66.7222
119.307,101.58,27.1028
44.6532,94.715,43.7556
107.547,24.1863,2.22466
102.928,11.8147,9.36124
31.3657,50.6282,16.2691
106.975,35.4236,48.2738
93.6993,89.3198,89.5457
40.7363,97.0329,79.8577
61.7997,82.5269,78.6166
2.27986,25.7509,84.3353
69.002,17.0583,57.9156
96.1049,61.7115,24.6306
11.8604,41.2583,48.8169
14.0851,16.1859,60.6316
23.4463,47.5517,111.26
39.7155,26.5266,18.6835
87.9893,120.226,108.003
49.535,32.9622,77.0361
1.39276,94.7619,31.563
80.0093,97.0418,57.3139
36.3447,38.0438,74.3722
94.2602,6.14866,8.08366
118.891,18.0091,49.3419
39.7077,32.0942,65.5279
100.339,55.5406,113.08
83.5991,95.256,11.6061
102.283,55.2453,3.83202
82.2859,104.78,36.7943
31.322,106.173,3.55617
62.885,58.1824,100.598
120.199,94.5271,10.6417
66.5711,60.7873,16.7904
74.6547,51.6781,34.7995
123.997,91.3858,66.8937
61.5245,63.7251,122.434
46.6041,19.3243,89.6903
58.2102,121.607,16.9356
62.0422,75.8927,121.716
98.8364,107.215,99.8891
102.393,42.0997,30.0715
74.9905,34.2986,124.599
85.6323,100.87,57.386
102.423,47.5244,109.064
9.22212,43.5211,72.4499
76.1158,105.046,8.17502
70.5501,23.6497,27.4993
32.2403,81.8598,21.1061
49.1759,15.902,96.9989
42.8919,114.738,76.2136
14.7809,89.131,118.313
44.8524,36.1216,24.6119
41.451,121.754,125.482
98.837,96.1764,45.0059
79.9011,105.399,88.527
24.351,53.5144,65.5726
32.526,124.064,89.2223
60.0253,28.3048,43.0821
81.1314,77.4807,58.9841
50.1303,120.373,45.7225
126.344,7.15351,6.85355
116.657,52.0059,42.9751
13.269,93.4569,36.7289
10.7506,64.2939,4.90537
55.7565,16.195,110.304
16.2835,40.546,35.8183
81.8562,73.072,31.8828
43.0785,5.09724,60.1876
86.1606,86.2287,9.66832
17.1447,8.35897,2.04092
62.8672,6.70285,9.19443
69.7208,123.36,61.2004
112.696,8.62905,26.6573
21.4248,19.3796,90.9512
26.3302,75.1362,107.146
8.63412,91.4197,19.6922
44.4525,45.2759,92.7641
76.3353,88.3543,97.8614
8.52286,46.5149,56.09
18.1912,63.6596,64.449
20.2321,126.527,71.1518
29.4265,68.2476,66.5118
90.6269,52.9435,75.1409
117.284,74.3683,94.5205
80.2354,100.698,41.6567
59.3816,109.333,5.07637
79.0738,25.785,50.3522
43.8379,102.12,10.7066
13.6993,110.643,57.2215
69.7893,0.834318,120.881
6.23831,21.0664,119.408
77.3901,50.493,59.6555
15.902,13.1198,112.599
91.0429,2.40405,58.9672
57.5634,82.6395,31.6656
99.2201,14.0211,12.9982
104.296,93.0949,38.7832
26.6487,8.93288,12.9035
37.3553,22.6322,123.547
94.5768,92.4215,124.381
87.4579,98.6598,17.4473
78.8658,48.05,67.9403
10.5213,63.952,81.0601
123.12,26.9948,83.4642
54.0874,84.5583,38.1037
85.7531,55.7784,52.1248
98.7512,32.0748,17.2197
9.53441,58.7235,26.1526
22.4379,96.0788,48.7848
17.9845,62.6556,13.2063
14.3654,22.1135,111.866
31.8127,100.979,31.9161
99.753,111.501,95.868
52.8131,106.621,122.863
8.27734,32.7082,79.4211
46.381,118.461,7.19947
98.5058,89.2125,39.2743
115.726,98.7469,97.9978
13.8782,121.185,66.0766
62.663,11.1692,0.732205
75.8693,25.5346,22.8457
59.7354,57.3474,123.825
91.6514,29.1004,107.325
59.5194,81.9135,85.9463
54.3823,90.1909,118.654
5.80342,8.57187,109.116
13.0029,107.078,70.3282
52.2772,94.8032,41.0751
22.275,108.681,34.2599
88.3516,43.3443,45.4291
89.0838,119.214,70.9637
111.929,50.9489,0.3111
107.754,14.6003,29.4115
87.0799,74.1198,111.325
45.0262,0.502083,73.5159
35.6806,6.3055,82.0877
16.7964,19.3084,61.1654
87.1246,71.5856,27.9686
0.199663,93.8606,8.64995
34.4595,54.2122,51.9943
79.8886,15.296,43.2078
22.8524,127.225,94.1567
23.1635,106.98,108.757
52.5749,66.0598,54.8769
35.8999,111.086,55.3789
109.416,18.7667,61.6844
63.5035,35.563,80.9928
124.669,122.688,24.5784
24.6375,122.887,118.439
33.2875,29.3468,44.6512
85.2817,109.235,59.9472
0.489563,4.08778,59.1727
94.6463,27.2512,38.1526
75.4034,79.8262,104.212
2.28024,115.726,87.2985
57.6592,97.1419,106.065
119.344,32.6455,13.6282
72.3365,29.3144,8.31579
96.9149,53.952,3.20307
87.3539,87.2394,32.5499
4.00507,44.5212,13.7853
63.9523,45.0107,17.8731
123.125,11.6571,45.1243
33.2775,87.0604,124.95
9.48998,89.3407,112.677
96.7884,18.9999,81.8185
74.8536,10.3435,114.464
88.4817,82.68,15.7784
96.7975,51.5949,69.7304
100.001,10.9488,28.9698
4.55046,14.9538,73.491
18.3357,78.9061,118.502
36.2088,74.031,2.15883
81.3331,107.309,89.2193
78.2836,116.799,50.5599
62.9602,85.587,69.5598
16.7788,32.4405,79.9033
3.2428,120.922,34.5832
19.0212,89.7198,86.1781
88.7516,61.7204,97.1268
117.721,66.2708,112.081
63.2125,84.6066,62.9868
53.7143,120.815,9.01777
55.8731,74.1485,116.326
17.0924,24.4322,105.125
67.6523,87.3924,62.7118
9.2121,104.171,95.1524
89.1154,107.414,88.0746
123.699,126.435,49.7944
81.8767,87.1869,111.515
51.0035,76.9084,49.7857
35.0842,12.1209,6.39225
98.071,65.8352,127.208
107.089,121.708,73.3562
95.4151,10.8007,97.7883
72.5399,78.453,57.1807
7.25175,87.6651,33.3519
102.404,48.7805,12.7659
62.4788,44.4791,11.2011
112.273,126.356,98.388
95.788,49.3593,47.2963
17.5737,84.4436,59.4172
23.9659,54.5145,125.252
23.1736,33.6032,118.961
96.5298,1.01831,1.76139
66.3181,73.5582,80.2144
123.499,80.81,39.8795
28.8508,55.2141,88.66
41.6166,117.693,5.1391
52.8178,101.966,3.49489
23.2057,69.7541,52.8542
70.5021,87.3278,9.29778
1.91929,111.294,63.8123
127.172,6.46729,97.4156
118.132,102.997,98.4339
119.894,41.3152,43.9921
72.1082,36.814,124.802
111.988,65.6648,52.0162
72.6477,107.281,41.7091
77.7868,32.0992,15.6751
81.2817,55.305,85.4292
6.13589,125.807,44.757
15.4337,127.726,28.0507
79.246,126.898,34.518
48.6615,117.03,9.51506
19.0954,108.924,50.8302
63.0875,53.0323,87.6443
59.8895,37.02,25.3091
111.906,109.668,4.59056
25.6148,59.4544,36.6898
41.2899,12.7361,91.9947
126.719,18.872,89.8018
43.4762,34.3057,89.5281
71.5269,113.552,88.4261
106.045,34.2131,77.4565
115.56,53.3085,58.3806
38.3902,116.396,111.413
126.034,48.2855,20.4329
23.3436,32.1913,2.10061
27.9341,57.806,61.555
64.6239,99.096,74.2911
28.6186,97.8151,93.1631
118.42,13.2913,127.469
79.9485,84.8181,113.02
40.3746,62.863,19.2336
117.831,50.4229,72.5421
48.2117,88.8131,60.9381
31.6247,86.8476,109.224
52.0576,110.191,13.4148
54.1582,10.1253,71.2209
115.713,74.7492,42.3169
62.0044,103.368,12.132
27.1676,93.7882,25.4233
26.6364,45.7367,110.241
11.6568,86.1113,45.1044
30.8904,75.9424,95.5274
103.432,124.154,56.3405
36.3706,27.7789,15.1881
17.5942,79.8365,125.379
31.009,5.99475,7.50448
102.23,121.708,82.2537
16.5468,55.7125,57.6215
28.6787,82.8801,23.4097
54.102,109.516,69.1464
36.3434,121.173,27.2577
81.4479,24.0637,103.2
48.9752,127.496,99.3543
105.316,35.8667,127.133
120.504,53.4609,78.9697
117.883,84.4699,84.9644
125.387,58.6997,78.6725
79.6411,75.2465,6.38497
9.26259,103.925,89.265
32.6723,30.0273,70.7815
101.819,66.3707,63.9548
1.07642,19.8186,88.0184
104.277,68.7938,87.5146
75.6309,46.1095,123.381
74.7641,38.6133,48.8422
25.7338,28.4963,5.31203
110.698,25.8837,64.0118
61.3707,105.525,11.2583
67.7556,114.787,115.184
29.0207,19.4597,17.2108
99.8022,121.278,83.5815
35.7569,122.355,103.4
123.775,98.6314,44.1939
83.29,46.2623,90.3034
78.6713,121.026,0.91663
127.513,18.7601,29.4129
4.82547,1.45831,55.2966
68.8372,62.829,32.8215
80.0955,2.5846,19.6089
67.2791,31.6053,39.0686
84.4898,3.40745,32.347
40.0713,39.1644,26.7018
15.4714,34.9398,125.333
59.6653,118.23,43.5955
21.9686,68.901,36.6219
22.8852,68.4145,55.382
52.2981,73.2399,56.8403
107.595,14.0772,119.669
12.4162,94.1727,122.254
32.0251,33.4518,25.8592
71.0937,117.942,29.2666
103.441,30.013,68.431
2.14255,45.4844,103.371
127.476,105.15,93.6006
43.0713,127.118,34.5016
79.6932,22.0035,102.916
7.07524,74.3016,48.156
63.9156,53.8963,62.2332
55.5849,66.3125,28.4059
49.8388,98.3376,61.8577
75.698,41.4313,51.7993
104.965,16.872,81.8122
45.3956,19.0145,127.297
20.7664,18.4903,104.446
114.367,61.5617,103.564
20.8685,13.2549,125.568
123.785,20.3301,71.8694
43.9406,84.2457,125.766
106.174,11.8305,64.0783
6.57972,61.6693,34.4158
68.4374,9.36725,75.8471
120.237,114.332,92.7191
74.0489,31.7274,111.734
73.3455,52.4938,2.22397
49.7917,38.8608,63.7856
25.3562,59.7293,77.0405
22.924,55.5139,97.3706
94.7935,99.4545,53.6163
92.5592,77.6283,65.4468
28.6375,84.208,127.116
63.0533,24.6454,8.48334
10.9005,16.8821,122.815
103.62,90.9311,26.5426
87.3532,36.2766,79.0364
89.5772,86.0684,117.897
25.3628,111.425,49.6265
102.403,6.34857,105.14
71.7739,101.142,76.595
125.39,65.7013,26.2233
62.8369,94.3388,110.431
61.953,29.3922,7.07678
70.4363,40.2926,23.9589
65.2515,15.9122,114.89
91.7941,103.265,23.1666
42.8305,64.8425,109.235
32.7277,90.2053,92.6595
82.3543,64.6085,99.0081
59.4947,8.3824,72.1501
8.08968,5.77252,9.85144
34.313,68.6094,104.19
16.7443,2.56243,5.58243
23.8211,72.9988,45.875
47.78,10.2503,61.7872
34.67,102.044,37.0526
57.8366,16.8749,101.895
39.0715,49.6027,64.1004
3.73104,3.95697,0.708904
102.739,63.4517,9.09131
46.8892,71.5414,14.8638
56.7407,105.854,83.4733
32.9309,122.599,86.0357
38.5134,18.4197,31.0345
84.3884,66.1997,41.2848
18.1756,100.87,15.3292
55.2282,30.7063,32.2041
29.1233,69.7778,81.8068
93.2236,73.5089,85.7638
93.9325,48.248,21.2155
103.024,95.1372,92.7568
117.888,23.8779,70.6112
73.3609,56.8088,65.2098
31.3966,95.3222,83.6295
62.4311,51.7106,21.8292
103.716,69.8863,122.699
119.045,125.114,25.4052
23.2492,26.2377,95.1831
105.056,119.461,40.6919
62.8198,85.3939,88.9399
84.0353,60.4178,56.0771
48.7921,50.3055,79.955
119.403,123.666,8.7638
56.6131,27.0631,104.086
12.2426,89.4942,27.7966
34.0718,65.2101,97.6829
28.7708,56.2552,94.7973
54.176,79.5044,121.035
21.3591,56.5604,112.496
62.051,119.38,69.8904
22.9909,75.4155,2.30819
79.068,124.208,52.6137
31.023,115.611,48.2801
39.7868,44.224,75.3432
15.8728,56.4666,36.8374
43.6694,90.5384,102.047
13.3522,119.309,30.3026
108.15,45.4852,109.807
101.185,66.8443,38.3674
85.6811,0.895311,29.7476
27.5715,23.8862,105.163
29.8797,102.954,101.371
82.4934,5.97725,88.9815
2.77347,45.764,5.20543
78.1166,61.6368,61.672
114.954,105.306,24.2104
89.0015,118.658,15.5196
119.304,98.808,61.0049
101.111,71.9927,127.849
11.4785,29.6738,0.744471
41.2261,57.2453,24.6307
18.3891,87.125,127.585
119.76,41.6183,5.56219
80.7412,44.3918,51.3262
85.9466,122.508,112.963
19.6186,109.462,90.2693
43.829,70.464,80.9278
59.3487,61.7681,51.7358
120.354,34.8792,123.728
120.203,46.3578,25.4023
120.947,87.5839,82.6475
17.5779,105.973,41.7725
17.1628,97.7327,83.3908
22.725,50.4739,127.783
74.0512,8.4205,122.291
59.0143,28.0391,103.754
21.2836,71.8682,46.2175
102.211,3.21685,107.986
25.9472,123.57,14.8648
21.6757,115.773,61.2226
47.078,108.72,20.8065
1.72548,126.298,126.779
43.498,15.4609,96.5122
126.889,38.1859,18.986
126.671,112.237,27.4065
120.962,43.2515,55.4457
96.716,64.5351,127.314
14.9335,38.7465,2.53069
122.919,64.6937,126.101
9.78392,86.3694,113.874
71.0065,5.44737,94.5944
91.813,7.17286,92.8925
90.5925,50.6708,108.353
59.1047,49.5596,18.5394
78.0907,48.2311,2.77654
105.497,41.1935,46.028
32.9429,9.90955,110.563
32.2568,24.843,21.3097
34.7874,19.7621,86.0034
32.8885,29.546,44.3728
18.7627,100.553,49.8202
113.357,64.3656,56.993
78.2496,26.9581,107.664
58.6031,86.0628,29.2235
77.1424,36.1535,77.4546
79.919,13.6507,118.648
125.947,46.5936,0.55765
108.51,78.8504,25.4007
1.8198,113.638,45.1628
87.8232,18.5263,74.7089
4.19596,37.289,47.2614
54.0161,22.6461,111.627
111.009,100.896,10.5852
90.673,31.4987,96.6479
119.897,108.641,4.80137
69.3511,60.5601,18.4521
59.9992,58.5071,65.0457
60.5568,39.0173,15.896
85.9575,40.8371,1.53384
3.12032,0.660243,20.0602
77.8292,4.85621,57.3492
125.091,58.8723,79.9952
108.718,41.8815,52.8909
119.303,4.5545,84.3896
87.9507,124.451,65.0308
92.7521,65.8021,125.591
111.204,125.801,56.0981
48.2498,58.3581,95.1153
64.1459,16.3156,7.95241
65.6797,19.4359,8.61265
85.7399,97.2651,13.4689
15.089,94.3557,72.3412
95.0843,75.0734,114.223
19.9752,66.3762,118.777
104.365,26.3269,115.228
41.3956,119.079,53.0303
38.9866,102.283,50.8315
95.0846,22.5331,109.19
62.2,86.679,125.505
70.1524,24.3587,16.9411
78.765,110.099,114.206
92.2339,125.188,80.5619
36.5751,92.2719,27.6352
22.7978,112.247,94.0114
13.575,88.6119,120.338
0.803169,2.00759,111.417
53.8335,40.9942,85.7007
104.665,8.07883,108.234
85.8546,70.2788,66.9127
83.3598,12.4312,91.2714
100.301,91.1962,73.37
86.507,55.4301,70.5576
39.0689,92.0052,34.8295
66.7041,114.803,19.0766
32.7155,0.377992,107.689
25.0539,1.18116,109.696
8.47138,55.0146,22.6903
94.172,31.6796,30.7692
74.4058,117.534,101.048
13.3185,72.8939,113.479
104.59,45.1948,76.6754
49.9598,3.70178,4.10556
120.517,42.7707,96.1108
27.3469,109.475,82.9138
46.4235,14.1903,83.2918
26.1121,39.2443,84.473
7.80825,47.7156,11.4876
30.4986,13.8877,43.1672
61.2677,88.2935,32.7014
34.3157,101.612,105.595
19.7949,78.2018,22.7901
96.4703,0.161658,26.4919
100.576,120.679,69.2625
68.6866,20.026,50.7373
23.6005,66.4496,64.9276
106.892,92.5617,104.172
63.3653,100.37,23.8875
74.8528,2.86852,37.7751
118.02,64.1362,126.069
22.7214,98.4519,99.6805
0.316676,118.247,49.8824
23.1067,86.7171,50.044
49.5986,59.2929,42.7231
118.861,127.98,62.7491
41.5984,23.58,1.19873
106.526,2.47227,93.7604
82.6978,65.8375,66.1304
106.585,12.6904,68.9989
16.3604,2.71039,5.13512
14.429,25.4318,103.587
114.11,25.7484,93.8339
35.9919,48.8552,52.5509
86.0359,98.4538,111.844
0.759004,89.3149,111.823
63.5081,2.91331,7.40335
64.7069,109.439,9.87562
30.4673,64.1371,75.7131
96.5976,42.7224,88.4035
37.5965,59.0828,91.1139
42.7316,73.5118,116.546
18.3187,59.6214,14.2941
112.153,95.6133,63.1493
36.7035,53.6492,33.6031
20.5473,54.4082,122.918
4.37066,117.916,125.831
11.774,54.6232,107.271
21.6496,85.0905,43.4077
97.3628,53.6881,86.1301
57.7663,91.2847,17.213
20.8801,6.01629,90.7248
9.42581,24.335,22.3462
23.7199,8.48755,117.959
86.8692,45.191,43.6086
120.472,65.7383,98.0168
115.39,70.109,87.9331
113.222,81.883,14.5563
92.4923,103.533,99.6468
7.90003,72.8954,25.3349
94.0302,2.66164,116.62
111.243,23.5418,122.636
73.9679,32.9676,18.9708
96.3141,56.6875,27.4584
86.2735,15.5567,72.6494
1.88209,8.02904,10.3877
99.8989,123.419,80.4967
59.8319,108.641,34.3797
74.3882,73.1333,9.91235
46.035,81.0334,82.8077
71.3699,47.0635,85.4694
59.9894,30.3067,109.011
54.6252,104.275,13.9788
73.596,72.5887,70.6663
101.054,30.8622,86.223
45.7038,32.7443,94.2521
56.0916,4.64311,89.6714
8.58829,64.4751,70.3125
42.968,10.8633,15.4458
52.8804,56.8983,96.4792
7.68809,0.26813,15.5427
93.1575,60.2575,45.8494
74.1686,114.883,22.124
88.1474,60.4788,94.7126
30.8137,33.5332,125.575
117.037,79.237,30.319
83.2888,7.3286,34.9621
44.9602,15.9169,99.4372
115.273,58.8849,110.3
2.71849,111.765,39.1988
99.1977,119.453,39.4669
114.74,84.6108,99.7244
32.5898,30.7794,86.6072
54.7137,118.927,19.086
21.4263,21.7406,52.6192
19.0011,10.7773,3.85624
49.3202,94.0661,11.1848
84.2823,11.0263,27.1017
55.7195,126.299,85.9866
38.02,1.01745,69.7519
77.2188,100.215,61.2052
116.686,86.9555,17.8161
88.41,119.545,48.5955
47.0172,46.259,39.5224
66.1032,67.6853,61.2629
118.722,86.6864,72.0402
122.579,8.00657,38.1062
5.76346,92.2889,49.1325
32.8652,20.0084,47.4315
118.852,58.0284,48.4489
60.6037,7.24711,20.664
121.809,123.933,107.62
11.625,84.3428,99.1647
60.2205,3.36002,17.4237
99.7429,69.4632,85.109
33.0058,60.1856,43.7954
105.046,54.7642,51.802
15.1522,60.5277,16.0908
64.2847,93.3929,36.0992
111.716,84.2447,94.1276
32.165,16.8484,101.375
52.8291,10.6574,97.3074
32.4486,22.2824,53.6502
3.61332,82.5029,57.0102
21.037,54.2458,126.473
106.146,87.2515,58.659
21.9414,64.2975,113.423
73.7434,79.4496,45.9509
89.8342,15.7343,11.3438
125.933,127.45,95.5885
92.061,31.6155,112.437
65.4357,84.4446,123.094
34.7431,116.893,17.3767
88.3933,120.506,99.8796
17.4036,13.5435,26.1253
15.877,119.689,113.377
74.536,13.6309,49.6743
59.9593,87.3743,1.12397
105.91,49.2085,16.8583
117.254,47.1419,16.3087
84.8425,11.2029,47.9242
69.2794,76.6385,4.36877
64.3736,111.382,121.262
81.7503,71.7749,113.768
53.6298,89.1785,127.312
79.7552,105.055,119.001
65.132,51.5915,4.63214
114.806,111.551,92.0064
115.93,89.461,13.2149
4.78859,78.715,60.3567
21.0973,35.5575,71.5596
69.0215,104.837,20.1982
73.3903,41.2105,3.57978
66.6522,122.961,75.3547
52.4205,48.5906,36.5332
51.7323,0.345744,13.5887
42.7336,65.4778,65.1802
47.3657,52.2841,48.7311
11.3721,40.2144,10.1921
24.587,45.003,88.9071
84.9437,66.1003,124.465
28.5033,7.12184,101.301
48.7015,80.5121,14.5119
52.2813,19.1643,9.47265
127.636,71.5849,58.0632
36.1692,123.317,58.409
49.7579,38.0508,123.887
114.938,85.4166,48.1708
35.6693,96.7887,88.3852
45.8614,121.376,5.38825
6.76847,78.3194,71.4886
3.23307,106.823,78.6104
104.535,27.5243,31.1225
119.046,79.8055,50.2868
0.519075,79.4416,121.872
58.5823,115.611,117.189
116.991,37.3687,27.2397
112.878,24.3069,112.656
33.0489,59.9761,81.445
121.434,105.838,74.8207
126.822,112.606,25.1401
70.3109,115.839,3.96285
20.9213,92.3736,31.4871
52.0438,83.42,111.293
102.331,83.9391,62.7342
96.2024,14.5214,50.345
85.3913,3.51265,87.7137
112.631,116.391,112.021
97.2873,21.4395,43.9967
50.7323,14.8736,21.8342
125.553,13.696,6.44021
22.6931,84.0069,122.279
26.6559,104.928,86.6528
58.143,28.972,42.0728
41.4357,3.30269,126.012
104.17,99.5051,12.5332
26.5149,56.8964,16.0459
114.229,41.5274,4.43654
98.2492,10.8148,25.8761
14.2459,61.5471,40.7497
36.0802,59.1001,54.4457
42.5204,81.7932,10.4525
36.7996,108.449,115.381
123.452,38.5922,16.3527
37.5252,80.0279,19.6554
35.5371,56.1978,119.16
48.0703,82.7127,48.0569
64.1162,68.9413,89.5843
68.5527,39.1905,100.399
94.4288,53.4364,33.9462
7.1785,89.5166,93.0464
61.6242,4.03697,46.8396
72.0767,40.8366,27.2887
59.4574,36.289,65.8809
75.8102,73.8142,17.9088
95.4656,109.351,74.1066
86.6261,29.4217,28.8193
6.68295,93.5379,97.7607
96.2673,34.0906,8.95116
68.6664,0.519442,62.3876
102.613,7.69794,23.9042
67.659,69.3221,27.9412
114.499,13.3988,68.7777
13.7873,72.8562,105.067
79.6682,20.6664,50.881
97.577,116.132,32.2324
43.6836,74.758,61.654
72.5029,81.441,27.1919
42.2636,49.7082,61.2825
51.2147,118.375,61.802
113.602,92.9873,69.4999
9.50651,32.6463,10.822
37.4477,19.1448,24.2208
106.225,32.9321,97.077
83.2922,112.6,117.743
6.1732,82.1772,105.875
38.4056,125.861,52.6334
100.06,70.3637,6.07433
127.252,112.627,55.7826
60.534,35.8419,46.1572
122.336,21.4443,11.1445
63.8359,30.9508,43.7908
74.658,68.3984,62.9356
98.8788,46.6238,95.8676
67.9558,1.91603,80.4679
57.6992,8.08923,34.645
35.5746,46.4948,32.5058
88.2079,18.5544,102.869
94.2823,17.8059,87.4967
22.0649,78.3399,123.339
68.2221,72.6759,16.7829
79.3666,8.51189,47.7336
123.157,83.1698,116.132
58.093,54.0486,34.7559
25.9606,122.004,36.6719
106.428,51.7037,44.7612
13.0735,87.2782,91.256
45.5793,47.4862,109.81
20.4487,13.7685,127.616
107.945,35.8333,77.9562
103.284,104.055,22.6321
120.067,55.422,31.144
39.8005,50.5794,114.314
27.9325,108.672,40.3625
62.6885,6.63298,34.3669
99.3604,113.061,86.0706
16.1216,126.135,45.3488
107.378,43.7142,92.835
89.1879,64.1629,106.603
88.8042,44.1082,14.4368
38.7604,19.3922,118.492
61.3925,11.4591,45.9142
92.5366,51.2595,96.4937
78.8504,79.1921,77.166
119.213,13.8805,83.799
25.5798,113.241,68.8604
111.65,1.36255,66.9954
28.9992,108.74,110.71
121.834,69.9281,46.8724
100.438,30.7323,90.9807
114.874,69.4926,110.373
105.367,2.88517,121.832
23.2808,95.4217,45.0915
119.775,46.2721,124.284
68.9405,37.4851,10.1642
24.7395,63.0649,123.405
93.6,46.7153,124.768
32.5953,75.7145,105.508
15.3049,69.5487,47.4358
62.1773,41.9863,78.1681
25.1579,28.8607,19.6607
7.53084,6.22731,22.5459
1.3628,29.5082,117.968
46.4543,21.2827,36.2398
42.7379,90.2232,73.7248
52.9021,114.963,8.78973
48.3072,80.5627,55.505
45.0748,113.158,3.21949
22.5826,0.462908,72.7682
70.0185,62.6402,114.754
20.1866,87.7981,15.6152
39.8473,95.329,21.8425
62.3932,96.6918,51.3506
52.3609,15.1461,72.6333
88.6007,57.884,34.8565
34.3255,110.786,21.8192
43.1152,31.0933,102.382
98.6202,76.1681,87.5399
101.84,98.7507,88.0029
46.6079,40.7692,22.643
33.3624,60.9558,110.441
48.9775,100.803,77.7701
70.82,35.1963,46.4619
122.171,87.5572,61.608
66.8039,48.1578,119.492
101.66,82.4833,102.278
123.48,125.599,5.37138
97.8614,96.2188,81.5395
57.4014,70.0585,52.2902
17.4042,116.666,93.0594
40.0473,22.0288,26.0152
22.4884,71.0063,126.818
100.259,13.8263,34.0145
18.7205,7.99684,121.572
80.3285,74.8007,41.7295
71.8205,48.461,124.213
46.0987,43.9405,121.811
51.47,13.8019,90.0302
5.00953,71.2033,32.0888
57.2998,88.6075,20.7552
22.3592,0.654764,42.784
48.3744,23.1432,113.79
47.1926,123.402,127.617
81.2072,14.1223,7.61336
74.7789,94.4508,82.414
116.508,38.2714,2.87505
112.721,84.37,46.8156
106.533,7.84006,60.6175
68.5629,12.8496,3.82078
100.652,70.1493,92.4283
121.407,92.5085,93.083
36.1908,12.8829,116.226
21.9811,60.0755,111.628
21.5976,13.2827,125.75
29.211,88.0616,92.2012
111.625,76.57,2.47253
114.5,61.2912,86.8426
33.3156,39.8238,94.6826
93.9331,108.387,107.532
97.7539,81.0383,49.6816
62.1822,74.4452,14.1901
27.2652,110.636,27.073
15.4915,4.61702,87.1485
127.12,26.2146,100.431
124.87,55.4256,60.4928
89.071,39.0506,9.06274
91.5436,25.5507,70.3539
50.3861,58.8663,110.178
17.0688,24.7994,90.5645
124.601,122.553,43.6028
46.2825,56.7355,118.048
60.4726,84.0008,100.684
87.5456,99.4922,105.301
46.6941,98.6118,3.51558
19.1254,95.4817,58.9412
79.6181,56.5527,97.9918
88.6809,20.0962,123.542
31.0348,70.4824,54.4087
13.2126,87.5511,79.2081
103.777,84.1521,73.7614
19.38,2.43466,2.49695
9.42797,62.9073,86.4977
110.112,22.4529,57.99
87.4129,69.147,28.6017
90.9285,88.2724,124.083
21.8696,39.8905,52.6361
119.861,0.571409,72.7323
115.404,31.6062,15.2147
41.8125,44.8189,102.766
121.021,20.596,58.918
66.782,39.976,61.3526
69.279,49.4039,124.26
27.7767,31.5158,18.7128
85.7666,118.929,87.8599
114.368,81.8572,48.1323
110.452,103.727,88.0228
35.0878,95.5882,88.5942
107.82,82.992,120.2
123.035,124.804,37.0193
97.8007,117.825,57.6153
28.7186,56.607,97.5912
90.0712,125.886,18.9952
86.3312,25.6627,50.511
105.044,111.429,41.4397
64.9038,97.7976,123.297
113.036,80.2494,99.0237
73.0589,115.337,66.6118
33.6531,95.1573,21.6038
25.8535,90.1921,18.4082
62.8728,59.9928,8.23322
120.488,88.7114,64.8403
90.0793,50.7827,62.7263
109.074,9.11382,88.3889
31.5855,114.158,71.8182
73.0252,51.0616,41.6158
68.322,36.0977,121.865
39.3457,109.157,109.202
105.957,14.8097,76.3597
127.561,40.6633,38.5519
17.9695,103.536,98.5447
26.2027,96.0242,59.2561
91.043,58.1035,110.039
25.7692,39.178,119.153
114.158,70.7635,105.31
57.9763,15.7886,28.372
99.5922,84.1107,64.4698
93.4574,123.456,45.6264
